{"cameraMode":{"drawMode":0,"name":"Shaded","section":"Shading Mode"},"sceneLighting":true,"audioPlay":false,"sceneViewState":{"showFog":true,"showMaterialUpdate":false,"showSkybox":true,"showFlares":true,"showImageEffects":true,"showParticleSystems":true},"in2DMode":false,"pivot":{"x":-13.20576286315918,"y":1.564100980758667,"z":-0.9478340148925781},"rotation":{"x":0.10397312790155411,"y":0.2894926965236664,"z":-0.031651660799980167,"w":0.9509896636009216},"size":10.038318634033204,"orthographic":false}