{"cameraMode":{"drawMode":0,"name":"Shaded","section":"Shading Mode"},"sceneLighting":true,"audioPlay":false,"sceneViewState":{"showFog":true,"showMaterialUpdate":false,"showSkybox":true,"showFlares":true,"showImageEffects":true,"showParticleSystems":true},"in2DMode":false,"pivot":{"x":101.48650360107422,"y":29.572715759277345,"z":23.629199981689454},"rotation":{"x":0.32263854146003725,"y":-0.06806962937116623,"z":0.023268092423677446,"w":0.9437946081161499},"size":424.9265441894531,"orthographic":false}