{"cameraMode":{"drawMode":0,"name":"Shaded","section":"Shading Mode"},"sceneLighting":true,"audioPlay":false,"sceneViewState":{"showFog":true,"showMaterialUpdate":false,"showSkybox":true,"showFlares":true,"showImageEffects":true,"showParticleSystems":true},"in2DMode":false,"pivot":{"x":192.41754150390626,"y":291.3375244140625,"z":-391.40460205078127},"rotation":{"x":0.22767317295074464,"y":-0.07586174458265305,"z":0.017790818586945535,"w":0.9706246256828308},"size":263.6878967285156,"orthographic":true}